id,date,status,matchday,home_team,away_team,home_team_id,away_team_id,home_score,away_score,winner,season
444255,2023-08-19T16:30:00Z,FINISHED,1,Empoli FC,Hellas Verona FC,445,450,0,1,AWAY_TEAM,2023-2024
444256,2023-08-19T16:30:00Z,FINISHED,1,Frosinone Calcio,SSC Napoli,470,113,1,3,AWAY_TEAM,2023-2024
444257,2023-08-19T18:45:00Z,FINISHED,1,Genoa CFC,ACF Fiorentina,107,99,1,4,AWAY_TEAM,2023-2024
444258,2023-08-19T18:45:00Z,FINISHED,1,FC Internazionale Milano,AC Monza,108,5911,2,0,HOME_TEAM,2023-2024
444260,2023-08-20T16:30:00Z,FINISHED,1,AS Roma,US Salernitana 1919,100,455,2,2,DRAW,2023-2024
444261,2023-08-20T16:30:00Z,FINISHED,1,US Sassuolo Calcio,Atalanta BC,471,102,0,2,AWAY_TEAM,2023-2024
444259,2023-08-20T18:45:00Z,FINISHED,1,US Lecce,SS Lazio,5890,110,2,1,HOME_TEAM,2023-2024
444263,2023-08-20T18:45:00Z,FINISHED,1,Udinese Calcio,Juventus FC,115,109,0,3,AWAY_TEAM,2023-2024
444262,2023-08-21T16:30:00Z,FINISHED,1,Torino FC,Cagliari Calcio,586,104,0,0,DRAW,2023-2024
444254,2023-08-21T18:45:00Z,FINISHED,1,Bologna FC 1909,AC Milan,103,98,0,2,AWAY_TEAM,2023-2024
444266,2023-08-26T16:30:00Z,FINISHED,2,Frosinone Calcio,Atalanta BC,470,102,2,1,HOME_TEAM,2023-2024
444271,2023-08-26T16:30:00Z,FINISHED,2,AC Monza,Empoli FC,5911,445,2,0,HOME_TEAM,2023-2024
444267,2023-08-26T18:45:00Z,FINISHED,2,Hellas Verona FC,AS Roma,450,100,2,1,HOME_TEAM,2023-2024
444270,2023-08-26T18:45:00Z,FINISHED,2,AC Milan,Torino FC,98,586,4,1,HOME_TEAM,2023-2024
444265,2023-08-27T16:30:00Z,FINISHED,2,ACF Fiorentina,US Lecce,99,5890,2,2,DRAW,2023-2024
444268,2023-08-27T16:30:00Z,FINISHED,2,Juventus FC,Bologna FC 1909,109,103,1,1,DRAW,2023-2024
444269,2023-08-27T18:45:00Z,FINISHED,2,SS Lazio,Genoa CFC,110,107,0,1,AWAY_TEAM,2023-2024
444272,2023-08-27T18:45:00Z,FINISHED,2,SSC Napoli,US Sassuolo Calcio,113,471,2,0,HOME_TEAM,2023-2024
444273,2023-08-28T16:30:00Z,FINISHED,2,US Salernitana 1919,Udinese Calcio,455,115,1,1,DRAW,2023-2024
444264,2023-08-28T18:45:00Z,FINISHED,2,Cagliari Calcio,FC Internazionale Milano,104,108,0,2,AWAY_TEAM,2023-2024
444281,2023-09-01T16:30:00Z,FINISHED,3,US Sassuolo Calcio,Hellas Verona FC,471,450,3,1,HOME_TEAM,2023-2024
444280,2023-09-01T18:45:00Z,FINISHED,3,AS Roma,AC Milan,100,98,1,2,AWAY_TEAM,2023-2024
444275,2023-09-02T16:30:00Z,FINISHED,3,Bologna FC 1909,Cagliari Calcio,103,104,2,1,HOME_TEAM,2023-2024
444283,2023-09-02T16:30:00Z,FINISHED,3,Udinese Calcio,Frosinone Calcio,115,470,0,0,DRAW,2023-2024
444274,2023-09-02T18:45:00Z,FINISHED,3,Atalanta BC,AC Monza,102,5911,3,0,HOME_TEAM,2023-2024
444279,2023-09-02T18:45:00Z,FINISHED,3,SSC Napoli,SS Lazio,113,110,1,2,AWAY_TEAM,2023-2024
444277,2023-09-03T16:30:00Z,FINISHED,3,FC Internazionale Milano,ACF Fiorentina,108,99,4,0,HOME_TEAM,2023-2024
444282,2023-09-03T16:30:00Z,FINISHED,3,Torino FC,Genoa CFC,586,107,1,0,HOME_TEAM,2023-2024
444276,2023-09-03T18:45:00Z,FINISHED,3,Empoli FC,Juventus FC,445,109,0,2,AWAY_TEAM,2023-2024
444278,2023-09-03T18:45:00Z,FINISHED,3,US Lecce,US Salernitana 1919,5890,455,2,0,HOME_TEAM,2023-2024
444290,2023-09-16T13:00:00Z,FINISHED,4,Juventus FC,SS Lazio,109,110,3,1,HOME_TEAM,2023-2024
444289,2023-09-16T16:00:00Z,FINISHED,4,FC Internazionale Milano,AC Milan,108,98,5,1,HOME_TEAM,2023-2024
444287,2023-09-16T18:45:00Z,FINISHED,4,Genoa CFC,SSC Napoli,107,113,2,2,DRAW,2023-2024
444284,2023-09-17T10:30:00Z,FINISHED,4,Cagliari Calcio,Udinese Calcio,104,115,0,0,DRAW,2023-2024
444286,2023-09-17T13:00:00Z,FINISHED,4,Frosinone Calcio,US Sassuolo Calcio,470,471,4,2,HOME_TEAM,2023-2024
444291,2023-09-17T13:00:00Z,FINISHED,4,AC Monza,US Lecce,5911,5890,1,1,DRAW,2023-2024
444285,2023-09-17T16:00:00Z,FINISHED,4,ACF Fiorentina,Atalanta BC,99,102,3,2,HOME_TEAM,2023-2024
444292,2023-09-17T18:45:00Z,FINISHED,4,AS Roma,Empoli FC,100,445,7,0,HOME_TEAM,2023-2024
444293,2023-09-18T16:30:00Z,FINISHED,4,US Salernitana 1919,Torino FC,455,586,0,3,AWAY_TEAM,2023-2024
444288,2023-09-18T18:45:00Z,FINISHED,4,Hellas Verona FC,Bologna FC 1909,450,103,0,0,DRAW,2023-2024
444300,2023-09-22T16:30:00Z,FINISHED,5,US Salernitana 1919,Frosinone Calcio,455,470,1,1,DRAW,2023-2024
444298,2023-09-22T18:45:00Z,FINISHED,5,US Lecce,Genoa CFC,5890,107,1,0,HOME_TEAM,2023-2024
444299,2023-09-23T13:00:00Z,FINISHED,5,AC Milan,Hellas Verona FC,98,450,1,0,HOME_TEAM,2023-2024
444301,2023-09-23T16:00:00Z,FINISHED,5,US Sassuolo Calcio,Juventus FC,471,109,4,2,HOME_TEAM,2023-2024
444297,2023-09-23T18:45:00Z,FINISHED,5,SS Lazio,AC Monza,110,5911,1,1,DRAW,2023-2024
444296,2023-09-24T10:30:00Z,FINISHED,5,Empoli FC,FC Internazionale Milano,445,108,0,1,AWAY_TEAM,2023-2024
444294,2023-09-24T13:00:00Z,FINISHED,5,Atalanta BC,Cagliari Calcio,102,104,2,0,HOME_TEAM,2023-2024
444303,2023-09-24T13:00:00Z,FINISHED,5,Udinese Calcio,ACF Fiorentina,115,99,0,2,AWAY_TEAM,2023-2024
444295,2023-09-24T16:00:00Z,FINISHED,5,Bologna FC 1909,SSC Napoli,103,113,0,0,DRAW,2023-2024
444302,2023-09-24T18:45:00Z,FINISHED,5,Torino FC,AS Roma,586,100,1,1,DRAW,2023-2024
444310,2023-09-26T18:45:00Z,FINISHED,6,Juventus FC,US Lecce,109,5890,1,0,HOME_TEAM,2023-2024
444304,2023-09-27T16:30:00Z,FINISHED,6,Cagliari Calcio,AC Milan,104,98,1,3,AWAY_TEAM,2023-2024
444305,2023-09-27T16:30:00Z,FINISHED,6,Empoli FC,US Salernitana 1919,445,455,1,0,HOME_TEAM,2023-2024
444308,2023-09-27T16:30:00Z,FINISHED,6,Hellas Verona FC,Atalanta BC,450,102,0,1,AWAY_TEAM,2023-2024
444309,2023-09-27T18:45:00Z,FINISHED,6,FC Internazionale Milano,US Sassuolo Calcio,108,471,1,2,AWAY_TEAM,2023-2024
444311,2023-09-27T18:45:00Z,FINISHED,6,SS Lazio,Torino FC,110,586,2,0,HOME_TEAM,2023-2024
444313,2023-09-27T18:45:00Z,FINISHED,6,SSC Napoli,Udinese Calcio,113,115,4,1,HOME_TEAM,2023-2024
444306,2023-09-28T16:30:00Z,FINISHED,6,Frosinone Calcio,ACF Fiorentina,470,99,1,1,DRAW,2023-2024
444312,2023-09-28T16:30:00Z,FINISHED,6,AC Monza,Bologna FC 1909,5911,103,0,0,DRAW,2023-2024
444307,2023-09-28T18:45:00Z,FINISHED,6,Genoa CFC,AS Roma,107,100,4,1,HOME_TEAM,2023-2024
444317,2023-09-30T13:00:00Z,FINISHED,7,US Lecce,SSC Napoli,5890,113,0,4,AWAY_TEAM,2023-2024
444318,2023-09-30T16:00:00Z,FINISHED,7,AC Milan,SS Lazio,98,110,2,0,HOME_TEAM,2023-2024
444320,2023-09-30T18:45:00Z,FINISHED,7,US Salernitana 1919,FC Internazionale Milano,455,108,0,4,AWAY_TEAM,2023-2024
444315,2023-10-01T10:30:00Z,FINISHED,7,Bologna FC 1909,Empoli FC,103,445,3,0,HOME_TEAM,2023-2024
444323,2023-10-01T13:00:00Z,FINISHED,7,Udinese Calcio,Genoa CFC,115,107,2,2,DRAW,2023-2024
444314,2023-10-01T16:00:00Z,FINISHED,7,Atalanta BC,Juventus FC,102,109,0,0,DRAW,2023-2024
444319,2023-10-01T18:45:00Z,FINISHED,7,AS Roma,Frosinone Calcio,100,470,2,0,HOME_TEAM,2023-2024
444321,2023-10-02T16:30:00Z,FINISHED,7,US Sassuolo Calcio,AC Monza,471,5911,0,1,AWAY_TEAM,2023-2024
444322,2023-10-02T16:30:00Z,FINISHED,7,Torino FC,Hellas Verona FC,586,450,0,0,DRAW,2023-2024
444316,2023-10-02T18:45:00Z,FINISHED,7,ACF Fiorentina,Cagliari Calcio,99,104,3,0,HOME_TEAM,2023-2024
444325,2023-10-06T16:30:00Z,FINISHED,8,Empoli FC,Udinese Calcio,445,115,0,0,DRAW,2023-2024
444331,2023-10-06T18:45:00Z,FINISHED,8,US Lecce,US Sassuolo Calcio,5890,471,1,1,DRAW,2023-2024
444328,2023-10-07T13:00:00Z,FINISHED,8,FC Internazionale Milano,Bologna FC 1909,108,103,2,2,DRAW,2023-2024
444329,2023-10-07T16:00:00Z,FINISHED,8,Juventus FC,Torino FC,109,586,2,0,HOME_TEAM,2023-2024
444327,2023-10-07T18:45:00Z,FINISHED,8,Genoa CFC,AC Milan,107,98,0,1,AWAY_TEAM,2023-2024
444332,2023-10-08T10:30:00Z,FINISHED,8,AC Monza,US Salernitana 1919,5911,455,3,0,HOME_TEAM,2023-2024
444326,2023-10-08T13:00:00Z,FINISHED,8,Frosinone Calcio,Hellas Verona FC,470,450,2,1,HOME_TEAM,2023-2024
444330,2023-10-08T13:00:00Z,FINISHED,8,SS Lazio,Atalanta BC,110,102,3,2,HOME_TEAM,2023-2024
444324,2023-10-08T16:00:00Z,FINISHED,8,Cagliari Calcio,AS Roma,104,100,1,4,AWAY_TEAM,2023-2024
444333,2023-10-08T18:45:00Z,FINISHED,8,SSC Napoli,ACF Fiorentina,113,99,1,3,AWAY_TEAM,2023-2024
444337,2023-10-21T13:00:00Z,FINISHED,9,Hellas Verona FC,SSC Napoli,450,113,1,3,AWAY_TEAM,2023-2024
444342,2023-10-21T16:00:00Z,FINISHED,9,Torino FC,FC Internazionale Milano,586,108,0,3,AWAY_TEAM,2023-2024
444341,2023-10-21T18:45:00Z,FINISHED,9,US Sassuolo Calcio,SS Lazio,471,110,0,2,AWAY_TEAM,2023-2024
444339,2023-10-22T10:30:00Z,FINISHED,9,AS Roma,AC Monza,100,5911,1,0,HOME_TEAM,2023-2024
444335,2023-10-22T13:00:00Z,FINISHED,9,Bologna FC 1909,Frosinone Calcio,103,470,2,1,HOME_TEAM,2023-2024
444340,2023-10-22T13:00:00Z,FINISHED,9,US Salernitana 1919,Cagliari Calcio,455,104,2,2,DRAW,2023-2024
444334,2023-10-22T16:00:00Z,FINISHED,9,Atalanta BC,Genoa CFC,102,107,2,0,HOME_TEAM,2023-2024
444338,2023-10-22T18:45:00Z,FINISHED,9,AC Milan,Juventus FC,98,109,0,1,AWAY_TEAM,2023-2024
444343,2023-10-23T16:30:00Z,FINISHED,9,Udinese Calcio,US Lecce,115,5890,1,1,DRAW,2023-2024
444336,2023-10-23T18:45:00Z,FINISHED,9,ACF Fiorentina,Empoli FC,99,445,0,2,AWAY_TEAM,2023-2024
444346,2023-10-27T18:45:00Z,FINISHED,10,Genoa CFC,US Salernitana 1919,107,455,1,0,HOME_TEAM,2023-2024
444353,2023-10-28T13:00:00Z,FINISHED,10,US Sassuolo Calcio,Bologna FC 1909,471,103,1,1,DRAW,2023-2024
444350,2023-10-28T16:00:00Z,FINISHED,10,US Lecce,Torino FC,5890,586,0,1,AWAY_TEAM,2023-2024
444348,2023-10-28T18:45:00Z,FINISHED,10,Juventus FC,Hellas Verona FC,109,450,1,0,HOME_TEAM,2023-2024
444344,2023-10-29T11:30:00Z,FINISHED,10,Cagliari Calcio,Frosinone Calcio,104,470,4,3,HOME_TEAM,2023-2024
444351,2023-10-29T14:00:00Z,FINISHED,10,AC Monza,Udinese Calcio,5911,115,1,1,DRAW,2023-2024
444347,2023-10-29T17:00:00Z,FINISHED,10,FC Internazionale Milano,AS Roma,108,100,1,0,HOME_TEAM,2023-2024
444352,2023-10-29T19:45:00Z,FINISHED,10,SSC Napoli,AC Milan,113,98,2,2,DRAW,2023-2024
444345,2023-10-30T17:30:00Z,FINISHED,10,Empoli FC,Atalanta BC,445,102,0,3,AWAY_TEAM,2023-2024
444349,2023-10-30T19:45:00Z,FINISHED,10,SS Lazio,ACF Fiorentina,110,99,1,0,HOME_TEAM,2023-2024
444355,2023-11-03T19:45:00Z,FINISHED,11,Bologna FC 1909,SS Lazio,103,110,1,0,HOME_TEAM,2023-2024
444362,2023-11-04T14:00:00Z,FINISHED,11,US Salernitana 1919,SSC Napoli,455,113,0,2,AWAY_TEAM,2023-2024
444354,2023-11-04T17:00:00Z,FINISHED,11,Atalanta BC,FC Internazionale Milano,102,108,1,2,AWAY_TEAM,2023-2024
444360,2023-11-04T19:45:00Z,FINISHED,11,AC Milan,Udinese Calcio,98,115,0,1,AWAY_TEAM,2023-2024
444359,2023-11-05T11:30:00Z,FINISHED,11,Hellas Verona FC,AC Monza,450,5911,1,3,AWAY_TEAM,2023-2024
444356,2023-11-05T14:00:00Z,FINISHED,11,Cagliari Calcio,Genoa CFC,104,107,2,1,HOME_TEAM,2023-2024
444361,2023-11-05T17:00:00Z,FINISHED,11,AS Roma,US Lecce,100,5890,2,1,HOME_TEAM,2023-2024
444357,2023-11-05T19:45:00Z,FINISHED,11,ACF Fiorentina,Juventus FC,99,109,0,1,AWAY_TEAM,2023-2024
444358,2023-11-06T17:30:00Z,FINISHED,11,Frosinone Calcio,Empoli FC,470,445,2,1,HOME_TEAM,2023-2024
444363,2023-11-06T19:45:00Z,FINISHED,11,Torino FC,US Sassuolo Calcio,586,471,2,1,HOME_TEAM,2023-2024
444372,2023-11-10T17:30:00Z,FINISHED,12,US Sassuolo Calcio,US Salernitana 1919,471,455,2,2,DRAW,2023-2024
444365,2023-11-10T19:45:00Z,FINISHED,12,Genoa CFC,Hellas Verona FC,107,450,1,0,HOME_TEAM,2023-2024
444369,2023-11-11T14:00:00Z,FINISHED,12,US Lecce,AC Milan,5890,98,2,2,DRAW,2023-2024
444367,2023-11-11T17:00:00Z,FINISHED,12,Juventus FC,Cagliari Calcio,109,104,2,1,HOME_TEAM,2023-2024
444370,2023-11-11T19:45:00Z,FINISHED,12,AC Monza,Torino FC,5911,586,1,1,DRAW,2023-2024
444371,2023-11-12T11:30:00Z,FINISHED,12,SSC Napoli,Empoli FC,113,445,0,1,AWAY_TEAM,2023-2024
444364,2023-11-12T14:00:00Z,FINISHED,12,ACF Fiorentina,Bologna FC 1909,99,103,2,1,HOME_TEAM,2023-2024
444373,2023-11-12T14:00:00Z,FINISHED,12,Udinese Calcio,Atalanta BC,115,102,1,1,DRAW,2023-2024
444368,2023-11-12T17:00:00Z,FINISHED,12,SS Lazio,AS Roma,110,100,0,0,DRAW,2023-2024
444366,2023-11-12T19:45:00Z,FINISHED,12,FC Internazionale Milano,Frosinone Calcio,108,470,2,0,HOME_TEAM,2023-2024
444383,2023-11-25T14:00:00Z,FINISHED,13,US Salernitana 1919,SS Lazio,455,110,2,1,HOME_TEAM,2023-2024
444374,2023-11-25T17:00:00Z,FINISHED,13,Atalanta BC,SSC Napoli,102,113,1,2,AWAY_TEAM,2023-2024
444381,2023-11-25T19:45:00Z,FINISHED,13,AC Milan,ACF Fiorentina,98,99,1,0,HOME_TEAM,2023-2024
444376,2023-11-26T11:30:00Z,FINISHED,13,Cagliari Calcio,AC Monza,104,5911,1,1,DRAW,2023-2024
444377,2023-11-26T14:00:00Z,FINISHED,13,Empoli FC,US Sassuolo Calcio,445,471,3,4,AWAY_TEAM,2023-2024
444378,2023-11-26T14:00:00Z,FINISHED,13,Frosinone Calcio,Genoa CFC,470,107,2,1,HOME_TEAM,2023-2024
444382,2023-11-26T17:00:00Z,FINISHED,13,AS Roma,Udinese Calcio,100,115,3,1,HOME_TEAM,2023-2024
444380,2023-11-26T19:45:00Z,FINISHED,13,Juventus FC,FC Internazionale Milano,109,108,1,1,DRAW,2023-2024
444379,2023-11-27T17:30:00Z,FINISHED,13,Hellas Verona FC,US Lecce,450,5890,2,2,DRAW,2023-2024
444375,2023-11-27T19:45:00Z,FINISHED,13,Bologna FC 1909,Torino FC,103,586,2,0,HOME_TEAM,2023-2024
444389,2023-12-01T19:45:00Z,FINISHED,14,AC Monza,Juventus FC,5911,109,1,2,AWAY_TEAM,2023-2024
444385,2023-12-02T14:00:00Z,FINISHED,14,Genoa CFC,Empoli FC,107,445,1,1,DRAW,2023-2024
444386,2023-12-02T17:00:00Z,FINISHED,14,SS Lazio,Cagliari Calcio,110,104,1,0,HOME_TEAM,2023-2024
444388,2023-12-02T19:45:00Z,FINISHED,14,AC Milan,Frosinone Calcio,98,470,3,1,HOME_TEAM,2023-2024
444387,2023-12-03T11:30:00Z,FINISHED,14,US Lecce,Bologna FC 1909,5890,103,1,1,DRAW,2023-2024
444384,2023-12-03T14:00:00Z,FINISHED,14,ACF Fiorentina,US Salernitana 1919,99,455,3,0,HOME_TEAM,2023-2024
444393,2023-12-03T14:00:00Z,FINISHED,14,Udinese Calcio,Hellas Verona FC,115,450,3,3,DRAW,2023-2024
444391,2023-12-03T17:00:00Z,FINISHED,14,US Sassuolo Calcio,AS Roma,471,100,1,2,AWAY_TEAM,2023-2024
444390,2023-12-03T19:45:00Z,FINISHED,14,SSC Napoli,FC Internazionale Milano,113,108,0,3,AWAY_TEAM,2023-2024
444392,2023-12-04T19:45:00Z,FINISHED,14,Torino FC,Atalanta BC,586,102,3,0,HOME_TEAM,2023-2024
444400,2023-12-08T19:45:00Z,FINISHED,15,Juventus FC,SSC Napoli,109,113,1,0,HOME_TEAM,2023-2024
444398,2023-12-09T14:00:00Z,FINISHED,15,Hellas Verona FC,SS Lazio,450,110,1,1,DRAW,2023-2024
444394,2023-12-09T17:00:00Z,FINISHED,15,Atalanta BC,AC Milan,102,98,3,2,HOME_TEAM,2023-2024
444399,2023-12-09T19:45:00Z,FINISHED,15,FC Internazionale Milano,Udinese Calcio,108,115,4,0,HOME_TEAM,2023-2024
444397,2023-12-10T11:30:00Z,FINISHED,15,Frosinone Calcio,Torino FC,470,586,0,0,DRAW,2023-2024
444401,2023-12-10T14:00:00Z,FINISHED,15,AC Monza,Genoa CFC,5911,107,1,0,HOME_TEAM,2023-2024
444403,2023-12-10T17:00:00Z,FINISHED,15,US Salernitana 1919,Bologna FC 1909,455,103,1,2,AWAY_TEAM,2023-2024
444402,2023-12-10T19:45:00Z,FINISHED,15,AS Roma,ACF Fiorentina,100,99,1,1,DRAW,2023-2024
444396,2023-12-11T17:30:00Z,FINISHED,15,Empoli FC,US Lecce,445,5890,1,1,DRAW,2023-2024
444395,2023-12-11T19:45:00Z,FINISHED,15,Cagliari Calcio,US Sassuolo Calcio,104,471,2,1,HOME_TEAM,2023-2024
444407,2023-12-15T19:45:00Z,FINISHED,16,Genoa CFC,Juventus FC,107,109,1,1,DRAW,2023-2024
444409,2023-12-16T14:00:00Z,FINISHED,16,US Lecce,Frosinone Calcio,5890,470,2,1,HOME_TEAM,2023-2024
444411,2023-12-16T17:30:00Z,FINISHED,16,SSC Napoli,Cagliari Calcio,113,104,2,1,HOME_TEAM,2023-2024
444412,2023-12-16T19:45:00Z,FINISHED,16,Torino FC,Empoli FC,586,445,1,0,HOME_TEAM,2023-2024
444410,2023-12-17T11:30:00Z,FINISHED,16,AC Milan,AC Monza,98,5911,3,0,HOME_TEAM,2023-2024
444406,2023-12-17T14:00:00Z,FINISHED,16,ACF Fiorentina,Hellas Verona FC,99,450,1,0,HOME_TEAM,2023-2024
444413,2023-12-17T14:00:00Z,FINISHED,16,Udinese Calcio,US Sassuolo Calcio,115,471,2,2,DRAW,2023-2024
444405,2023-12-17T17:00:00Z,FINISHED,16,Bologna FC 1909,AS Roma,103,100,2,0,HOME_TEAM,2023-2024
444408,2023-12-17T19:45:00Z,FINISHED,16,SS Lazio,FC Internazionale Milano,110,108,0,2,AWAY_TEAM,2023-2024
444404,2023-12-18T19:45:00Z,FINISHED,16,Atalanta BC,US Salernitana 1919,102,455,4,1,HOME_TEAM,2023-2024
444422,2023-12-22T17:30:00Z,FINISHED,17,US Sassuolo Calcio,Genoa CFC,471,107,1,2,AWAY_TEAM,2023-2024
444415,2023-12-22T17:30:00Z,FINISHED,17,Empoli FC,SS Lazio,445,110,0,2,AWAY_TEAM,2023-2024
444419,2023-12-22T19:45:00Z,FINISHED,17,AC Monza,ACF Fiorentina,5911,99,0,1,AWAY_TEAM,2023-2024
444421,2023-12-22T19:45:00Z,FINISHED,17,US Salernitana 1919,AC Milan,455,98,2,2,DRAW,2023-2024
444416,2023-12-23T11:30:00Z,FINISHED,17,Frosinone Calcio,Juventus FC,470,109,1,2,AWAY_TEAM,2023-2024
444423,2023-12-23T14:00:00Z,FINISHED,17,Torino FC,Udinese Calcio,586,115,1,1,DRAW,2023-2024
444414,2023-12-23T14:00:00Z,FINISHED,17,Bologna FC 1909,Atalanta BC,103,102,1,0,HOME_TEAM,2023-2024
444417,2023-12-23T17:00:00Z,FINISHED,17,Hellas Verona FC,Cagliari Calcio,450,104,2,0,HOME_TEAM,2023-2024
444418,2023-12-23T17:00:00Z,FINISHED,17,FC Internazionale Milano,US Lecce,108,5890,2,0,HOME_TEAM,2023-2024
444420,2023-12-23T19:45:00Z,FINISHED,17,AS Roma,SSC Napoli,100,113,2,0,HOME_TEAM,2023-2024
444426,2023-12-29T17:30:00Z,FINISHED,18,ACF Fiorentina,Torino FC,99,586,1,0,HOME_TEAM,2023-2024
444432,2023-12-29T17:30:00Z,FINISHED,18,SSC Napoli,AC Monza,113,5911,0,0,DRAW,2023-2024
444427,2023-12-29T19:45:00Z,FINISHED,18,Genoa CFC,FC Internazionale Milano,107,108,1,1,DRAW,2023-2024
444430,2023-12-29T19:45:00Z,FINISHED,18,SS Lazio,Frosinone Calcio,110,470,3,1,HOME_TEAM,2023-2024
444424,2023-12-30T11:30:00Z,FINISHED,18,Atalanta BC,US Lecce,102,5890,1,0,HOME_TEAM,2023-2024
444425,2023-12-30T14:00:00Z,FINISHED,18,Cagliari Calcio,Empoli FC,104,445,0,0,DRAW,2023-2024
444433,2023-12-30T14:00:00Z,FINISHED,18,Udinese Calcio,Bologna FC 1909,115,103,3,0,HOME_TEAM,2023-2024
444428,2023-12-30T17:00:00Z,FINISHED,18,Hellas Verona FC,US Salernitana 1919,450,455,0,1,AWAY_TEAM,2023-2024
444431,2023-12-30T17:00:00Z,FINISHED,18,AC Milan,US Sassuolo Calcio,98,471,1,0,HOME_TEAM,2023-2024
444429,2023-12-30T19:45:00Z,FINISHED,18,Juventus FC,AS Roma,109,100,1,0,HOME_TEAM,2023-2024
444434,2024-01-05T19:45:00Z,FINISHED,19,Bologna FC 1909,Genoa CFC,103,107,1,1,DRAW,2023-2024
444437,2024-01-06T11:30:00Z,FINISHED,19,FC Internazionale Milano,Hellas Verona FC,108,450,2,1,HOME_TEAM,2023-2024
444436,2024-01-06T14:00:00Z,FINISHED,19,Frosinone Calcio,AC Monza,470,5911,2,3,AWAY_TEAM,2023-2024
444438,2024-01-06T17:00:00Z,FINISHED,19,US Lecce,Cagliari Calcio,5890,104,1,1,DRAW,2023-2024
444441,2024-01-06T19:45:00Z,FINISHED,19,US Sassuolo Calcio,ACF Fiorentina,471,99,1,0,HOME_TEAM,2023-2024
444435,2024-01-07T11:30:00Z,FINISHED,19,Empoli FC,AC Milan,445,98,0,3,AWAY_TEAM,2023-2024
444442,2024-01-07T14:00:00Z,FINISHED,19,Torino FC,SSC Napoli,586,113,3,0,HOME_TEAM,2023-2024
444443,2024-01-07T14:00:00Z,FINISHED,19,Udinese Calcio,SS Lazio,115,110,1,2,AWAY_TEAM,2023-2024
444440,2024-01-07T17:00:00Z,FINISHED,19,US Salernitana 1919,Juventus FC,455,109,1,2,AWAY_TEAM,2023-2024
444439,2024-01-07T19:45:00Z,FINISHED,19,AS Roma,Atalanta BC,100,102,1,1,DRAW,2023-2024
444447,2024-01-13T14:00:00Z,FINISHED,20,Genoa CFC,Torino FC,107,586,0,0,DRAW,2023-2024
444453,2024-01-13T14:00:00Z,FINISHED,20,SSC Napoli,US Salernitana 1919,113,455,2,1,HOME_TEAM,2023-2024
444448,2024-01-13T17:00:00Z,FINISHED,20,Hellas Verona FC,Empoli FC,450,445,2,1,HOME_TEAM,2023-2024
444452,2024-01-13T19:45:00Z,FINISHED,20,AC Monza,FC Internazionale Milano,5911,108,1,5,AWAY_TEAM,2023-2024
444450,2024-01-14T11:30:00Z,FINISHED,20,SS Lazio,US Lecce,110,5890,1,0,HOME_TEAM,2023-2024
444445,2024-01-14T14:00:00Z,FINISHED,20,Cagliari Calcio,Bologna FC 1909,104,103,2,1,HOME_TEAM,2023-2024
444446,2024-01-14T17:00:00Z,FINISHED,20,ACF Fiorentina,Udinese Calcio,99,115,2,2,DRAW,2023-2024
444451,2024-01-14T19:45:00Z,FINISHED,20,AC Milan,AS Roma,98,100,3,1,HOME_TEAM,2023-2024
444444,2024-01-15T19:45:00Z,FINISHED,20,Atalanta BC,Frosinone Calcio,102,470,5,0,HOME_TEAM,2023-2024
444449,2024-01-16T19:45:00Z,FINISHED,20,Juventus FC,US Sassuolo Calcio,109,471,3,0,HOME_TEAM,2023-2024
444459,2024-01-20T17:00:00Z,FINISHED,21,AS Roma,Hellas Verona FC,100,450,2,1,HOME_TEAM,2023-2024
444463,2024-01-20T19:45:00Z,FINISHED,21,Udinese Calcio,AC Milan,115,98,2,3,AWAY_TEAM,2023-2024
444456,2024-01-21T11:30:00Z,FINISHED,21,Frosinone Calcio,Cagliari Calcio,470,104,3,1,HOME_TEAM,2023-2024
444455,2024-01-21T14:00:00Z,FINISHED,21,Empoli FC,AC Monza,445,5911,3,0,HOME_TEAM,2023-2024
444460,2024-01-21T17:00:00Z,FINISHED,21,US Salernitana 1919,Genoa CFC,455,107,1,2,AWAY_TEAM,2023-2024
444458,2024-01-21T19:45:00Z,FINISHED,21,US Lecce,Juventus FC,5890,109,0,3,AWAY_TEAM,2023-2024
444465,2024-01-26T19:45:00Z,FINISHED,22,Cagliari Calcio,Torino FC,104,586,1,2,AWAY_TEAM,2023-2024
444464,2024-01-27T14:00:00Z,FINISHED,22,Atalanta BC,Udinese Calcio,102,115,2,0,HOME_TEAM,2023-2024
444469,2024-01-27T17:00:00Z,FINISHED,22,Juventus FC,Empoli FC,109,445,1,1,DRAW,2023-2024
444471,2024-01-27T19:45:00Z,FINISHED,22,AC Milan,Bologna FC 1909,98,103,2,2,DRAW,2023-2024
444467,2024-01-28T11:30:00Z,FINISHED,22,Genoa CFC,US Lecce,107,5890,2,1,HOME_TEAM,2023-2024
444468,2024-01-28T14:00:00Z,FINISHED,22,Hellas Verona FC,Frosinone Calcio,450,470,1,1,DRAW,2023-2024
444472,2024-01-28T14:00:00Z,FINISHED,22,AC Monza,US Sassuolo Calcio,5911,471,1,0,HOME_TEAM,2023-2024
444470,2024-01-28T17:00:00Z,FINISHED,22,SS Lazio,SSC Napoli,110,113,0,0,DRAW,2023-2024
444466,2024-01-28T19:45:00Z,FINISHED,22,ACF Fiorentina,FC Internazionale Milano,99,108,0,1,AWAY_TEAM,2023-2024
444473,2024-01-29T19:45:00Z,FINISHED,22,US Salernitana 1919,AS Roma,455,100,1,2,AWAY_TEAM,2023-2024
444479,2024-02-02T19:45:00Z,FINISHED,23,US Lecce,ACF Fiorentina,5890,99,3,2,HOME_TEAM,2023-2024
444476,2024-02-03T14:00:00Z,FINISHED,23,Empoli FC,Genoa CFC,445,107,0,0,DRAW,2023-2024
444483,2024-02-03T14:00:00Z,FINISHED,23,Udinese Calcio,AC Monza,115,5911,0,0,DRAW,2023-2024
444477,2024-02-03T17:00:00Z,FINISHED,23,Frosinone Calcio,AC Milan,470,98,2,3,AWAY_TEAM,2023-2024
444475,2024-02-03T19:45:00Z,FINISHED,23,Bologna FC 1909,US Sassuolo Calcio,103,471,4,2,HOME_TEAM,2023-2024
444482,2024-02-04T11:30:00Z,FINISHED,23,Torino FC,US Salernitana 1919,586,455,0,0,DRAW,2023-2024
444480,2024-02-04T14:00:00Z,FINISHED,23,SSC Napoli,Hellas Verona FC,113,450,2,1,HOME_TEAM,2023-2024
444474,2024-02-04T17:00:00Z,FINISHED,23,Atalanta BC,SS Lazio,102,110,3,1,HOME_TEAM,2023-2024
444478,2024-02-04T19:45:00Z,FINISHED,23,FC Internazionale Milano,Juventus FC,108,109,1,0,HOME_TEAM,2023-2024
444481,2024-02-05T19:45:00Z,FINISHED,23,AS Roma,Cagliari Calcio,100,104,4,0,HOME_TEAM,2023-2024
444492,2024-02-09T19:45:00Z,FINISHED,24,US Salernitana 1919,Empoli FC,455,445,1,3,AWAY_TEAM,2023-2024
444485,2024-02-10T14:00:00Z,FINISHED,24,Cagliari Calcio,SS Lazio,104,110,1,3,AWAY_TEAM,2023-2024
444491,2024-02-10T17:00:00Z,FINISHED,24,AS Roma,FC Internazionale Milano,100,108,2,4,AWAY_TEAM,2023-2024
444493,2024-02-10T19:45:00Z,FINISHED,24,US Sassuolo Calcio,Torino FC,471,586,1,1,DRAW,2023-2024
444486,2024-02-11T11:30:00Z,FINISHED,24,ACF Fiorentina,Frosinone Calcio,99,470,5,1,HOME_TEAM,2023-2024
444484,2024-02-11T14:00:00Z,FINISHED,24,Bologna FC 1909,US Lecce,103,5890,4,0,HOME_TEAM,2023-2024
444490,2024-02-11T14:00:00Z,FINISHED,24,AC Monza,Hellas Verona FC,5911,450,0,0,DRAW,2023-2024
444487,2024-02-11T17:00:00Z,FINISHED,24,Genoa CFC,Atalanta BC,107,102,1,4,AWAY_TEAM,2023-2024
444489,2024-02-11T19:45:00Z,FINISHED,24,AC Milan,SSC Napoli,98,113,1,0,HOME_TEAM,2023-2024
444488,2024-02-12T19:45:00Z,FINISHED,24,Juventus FC,Udinese Calcio,109,115,0,1,AWAY_TEAM,2023-2024
444454,2024-02-14T18:00:00Z,FINISHED,21,Bologna FC 1909,ACF Fiorentina,103,99,2,0,HOME_TEAM,2023-2024
444502,2024-02-16T18:00:00Z,FINISHED,25,Torino FC,US Lecce,586,5890,2,0,HOME_TEAM,2023-2024
444498,2024-02-16T20:00:00Z,FINISHED,25,FC Internazionale Milano,US Salernitana 1919,108,455,4,0,HOME_TEAM,2023-2024
444501,2024-02-17T14:00:00Z,FINISHED,25,SSC Napoli,Genoa CFC,113,107,1,1,DRAW,2023-2024
444497,2024-02-17T17:00:00Z,FINISHED,25,Hellas Verona FC,Juventus FC,450,109,2,2,DRAW,2023-2024
444494,2024-02-17T19:45:00Z,FINISHED,25,Atalanta BC,US Sassuolo Calcio,102,471,3,0,HOME_TEAM,2023-2024
444499,2024-02-18T11:30:00Z,FINISHED,25,SS Lazio,Bologna FC 1909,110,103,1,2,AWAY_TEAM,2023-2024
444495,2024-02-18T14:00:00Z,FINISHED,25,Empoli FC,ACF Fiorentina,445,99,1,1,DRAW,2023-2024
444503,2024-02-18T14:00:00Z,FINISHED,25,Udinese Calcio,Cagliari Calcio,115,104,1,1,DRAW,2023-2024
444496,2024-02-18T17:00:00Z,FINISHED,25,Frosinone Calcio,AS Roma,470,100,0,3,AWAY_TEAM,2023-2024
444500,2024-02-18T19:45:00Z,FINISHED,25,AC Monza,AC Milan,5911,98,4,2,HOME_TEAM,2023-2024
444462,2024-02-22T19:45:00Z,FINISHED,21,Torino FC,SS Lazio,586,110,0,2,AWAY_TEAM,2023-2024
444504,2024-02-23T19:45:00Z,FINISHED,26,Bologna FC 1909,Hellas Verona FC,103,450,2,0,HOME_TEAM,2023-2024
444513,2024-02-24T14:00:00Z,FINISHED,26,US Sassuolo Calcio,Empoli FC,471,445,2,3,AWAY_TEAM,2023-2024
444512,2024-02-24T17:00:00Z,FINISHED,26,US Salernitana 1919,AC Monza,455,5911,0,2,AWAY_TEAM,2023-2024
444507,2024-02-24T19:45:00Z,FINISHED,26,Genoa CFC,Udinese Calcio,107,115,2,0,HOME_TEAM,2023-2024
444508,2024-02-25T11:30:00Z,FINISHED,26,Juventus FC,Frosinone Calcio,109,470,3,2,HOME_TEAM,2023-2024
444505,2024-02-25T14:00:00Z,FINISHED,26,Cagliari Calcio,SSC Napoli,104,113,1,1,DRAW,2023-2024
444509,2024-02-25T17:00:00Z,FINISHED,26,US Lecce,FC Internazionale Milano,5890,108,0,4,AWAY_TEAM,2023-2024
444510,2024-02-25T19:45:00Z,FINISHED,26,AC Milan,Atalanta BC,98,102,1,1,DRAW,2023-2024
444511,2024-02-26T17:30:00Z,FINISHED,26,AS Roma,Torino FC,100,586,3,2,HOME_TEAM,2023-2024
444506,2024-02-26T19:45:00Z,FINISHED,26,ACF Fiorentina,SS Lazio,99,110,2,1,HOME_TEAM,2023-2024
444461,2024-02-28T17:00:00Z,FINISHED,21,US Sassuolo Calcio,SSC Napoli,471,113,1,6,AWAY_TEAM,2023-2024
444457,2024-02-28T19:45:00Z,FINISHED,21,FC Internazionale Milano,Atalanta BC,108,102,4,0,HOME_TEAM,2023-2024
444519,2024-03-01T19:45:00Z,FINISHED,27,SS Lazio,AC Milan,110,98,0,1,AWAY_TEAM,2023-2024
444523,2024-03-02T14:00:00Z,FINISHED,27,Udinese Calcio,US Salernitana 1919,115,455,1,1,DRAW,2023-2024
444520,2024-03-02T17:00:00Z,FINISHED,27,AC Monza,AS Roma,5911,100,1,4,AWAY_TEAM,2023-2024
444522,2024-03-02T19:45:00Z,FINISHED,27,Torino FC,ACF Fiorentina,586,99,0,0,DRAW,2023-2024
444517,2024-03-03T11:30:00Z,FINISHED,27,Hellas Verona FC,US Sassuolo Calcio,450,471,1,0,HOME_TEAM,2023-2024
444515,2024-03-03T14:00:00Z,FINISHED,27,Empoli FC,Cagliari Calcio,445,104,0,1,AWAY_TEAM,2023-2024
444516,2024-03-03T14:00:00Z,FINISHED,27,Frosinone Calcio,US Lecce,470,5890,1,1,DRAW,2023-2024
444514,2024-03-03T17:00:00Z,FINISHED,27,Atalanta BC,Bologna FC 1909,102,103,1,2,AWAY_TEAM,2023-2024
444521,2024-03-03T19:45:00Z,FINISHED,27,SSC Napoli,Juventus FC,113,109,2,1,HOME_TEAM,2023-2024
444518,2024-03-04T19:45:00Z,FINISHED,27,FC Internazionale Milano,Genoa CFC,108,107,2,1,HOME_TEAM,2023-2024
444532,2024-03-08T19:45:00Z,FINISHED,28,SSC Napoli,Torino FC,113,586,1,1,DRAW,2023-2024
444525,2024-03-09T14:00:00Z,FINISHED,28,Cagliari Calcio,US Salernitana 1919,104,455,4,2,HOME_TEAM,2023-2024
444533,2024-03-09T14:00:00Z,FINISHED,28,US Sassuolo Calcio,Frosinone Calcio,471,470,1,0,HOME_TEAM,2023-2024
444524,2024-03-09T17:00:00Z,FINISHED,28,Bologna FC 1909,FC Internazionale Milano,103,108,0,1,AWAY_TEAM,2023-2024
444527,2024-03-09T19:45:00Z,FINISHED,28,Genoa CFC,AC Monza,107,5911,2,3,AWAY_TEAM,2023-2024
444530,2024-03-10T11:30:00Z,FINISHED,28,US Lecce,Hellas Verona FC,5890,450,0,1,AWAY_TEAM,2023-2024
444531,2024-03-10T14:00:00Z,FINISHED,28,AC Milan,Empoli FC,98,445,1,0,HOME_TEAM,2023-2024
444528,2024-03-10T17:00:00Z,FINISHED,28,Juventus FC,Atalanta BC,109,102,2,2,DRAW,2023-2024
444526,2024-03-10T19:45:00Z,FINISHED,28,ACF Fiorentina,AS Roma,99,100,2,2,DRAW,2023-2024
444529,2024-03-11T19:45:00Z,FINISHED,28,SS Lazio,Udinese Calcio,110,115,1,2,AWAY_TEAM,2023-2024
444535,2024-03-15T19:45:00Z,FINISHED,29,Empoli FC,Bologna FC 1909,445,103,0,1,AWAY_TEAM,2023-2024
444540,2024-03-16T14:00:00Z,FINISHED,29,AC Monza,Cagliari Calcio,5911,104,1,0,HOME_TEAM,2023-2024
444543,2024-03-16T14:00:00Z,FINISHED,29,Udinese Calcio,Torino FC,115,586,0,2,AWAY_TEAM,2023-2024
444542,2024-03-16T17:00:00Z,FINISHED,29,US Salernitana 1919,US Lecce,455,5890,0,1,AWAY_TEAM,2023-2024
444536,2024-03-16T19:45:00Z,FINISHED,29,Frosinone Calcio,SS Lazio,470,110,2,3,AWAY_TEAM,2023-2024
444539,2024-03-17T11:30:00Z,FINISHED,29,Juventus FC,Genoa CFC,109,107,0,0,DRAW,2023-2024
444537,2024-03-17T14:00:00Z,FINISHED,29,Hellas Verona FC,AC Milan,450,98,1,3,AWAY_TEAM,2023-2024
444541,2024-03-17T17:00:00Z,FINISHED,29,AS Roma,US Sassuolo Calcio,100,471,1,0,HOME_TEAM,2023-2024
444538,2024-03-17T19:45:00Z,FINISHED,29,FC Internazionale Milano,SSC Napoli,108,113,1,1,DRAW,2023-2024
444551,2024-03-30T11:30:00Z,FINISHED,30,SSC Napoli,Atalanta BC,113,102,0,3,AWAY_TEAM,2023-2024
444547,2024-03-30T14:00:00Z,FINISHED,30,Genoa CFC,Frosinone Calcio,107,470,1,1,DRAW,2023-2024
444553,2024-03-30T14:00:00Z,FINISHED,30,Torino FC,AC Monza,586,5911,1,0,HOME_TEAM,2023-2024
444549,2024-03-30T17:00:00Z,FINISHED,30,SS Lazio,Juventus FC,110,109,1,0,HOME_TEAM,2023-2024
444546,2024-03-30T19:45:00Z,FINISHED,30,ACF Fiorentina,AC Milan,99,98,1,2,AWAY_TEAM,2023-2024
444544,2024-04-01T10:30:00Z,FINISHED,30,Bologna FC 1909,US Salernitana 1919,103,455,3,0,HOME_TEAM,2023-2024
444545,2024-04-01T13:00:00Z,FINISHED,30,Cagliari Calcio,Hellas Verona FC,104,450,1,1,DRAW,2023-2024
444552,2024-04-01T13:00:00Z,FINISHED,30,US Sassuolo Calcio,Udinese Calcio,471,115,1,1,DRAW,2023-2024
444550,2024-04-01T16:00:00Z,FINISHED,30,US Lecce,AS Roma,5890,100,0,0,DRAW,2023-2024
444548,2024-04-01T18:45:00Z,FINISHED,30,FC Internazionale Milano,Empoli FC,108,445,2,0,HOME_TEAM,2023-2024
444562,2024-04-05T18:45:00Z,FINISHED,31,US Salernitana 1919,US Sassuolo Calcio,455,471,2,2,DRAW,2023-2024
444559,2024-04-06T13:00:00Z,FINISHED,31,AC Milan,US Lecce,98,5890,3,0,HOME_TEAM,2023-2024
444561,2024-04-06T16:00:00Z,FINISHED,31,AS Roma,SS Lazio,100,110,1,0,HOME_TEAM,2023-2024
444555,2024-04-06T18:45:00Z,FINISHED,31,Empoli FC,Torino FC,445,586,3,2,HOME_TEAM,2023-2024
444556,2024-04-07T10:30:00Z,FINISHED,31,Frosinone Calcio,Bologna FC 1909,470,103,0,0,DRAW,2023-2024
444560,2024-04-07T13:00:00Z,FINISHED,31,AC Monza,SSC Napoli,5911,113,2,4,AWAY_TEAM,2023-2024
444554,2024-04-07T16:00:00Z,FINISHED,31,Cagliari Calcio,Atalanta BC,104,102,2,1,HOME_TEAM,2023-2024
444557,2024-04-07T16:00:00Z,FINISHED,31,Hellas Verona FC,Genoa CFC,450,107,1,2,AWAY_TEAM,2023-2024
444558,2024-04-07T18:45:00Z,FINISHED,31,Juventus FC,ACF Fiorentina,109,99,1,0,HOME_TEAM,2023-2024
444563,2024-04-08T18:45:00Z,FINISHED,31,Udinese Calcio,FC Internazionale Milano,115,108,1,2,AWAY_TEAM,2023-2024
444568,2024-04-12T18:45:00Z,FINISHED,32,SS Lazio,US Salernitana 1919,110,455,4,1,HOME_TEAM,2023-2024
444569,2024-04-13T13:00:00Z,FINISHED,32,US Lecce,Empoli FC,5890,445,1,0,HOME_TEAM,2023-2024
444572,2024-04-13T16:00:00Z,FINISHED,32,Torino FC,Juventus FC,586,109,0,0,DRAW,2023-2024
444565,2024-04-13T18:45:00Z,FINISHED,32,Bologna FC 1909,AC Monza,103,5911,0,0,DRAW,2023-2024
444570,2024-04-14T10:30:00Z,FINISHED,32,SSC Napoli,Frosinone Calcio,113,470,2,2,DRAW,2023-2024
444571,2024-04-14T13:00:00Z,FINISHED,32,US Sassuolo Calcio,AC Milan,471,98,3,3,DRAW,2023-2024
444567,2024-04-14T18:45:00Z,FINISHED,32,FC Internazionale Milano,Cagliari Calcio,108,104,2,2,DRAW,2023-2024
444566,2024-04-15T16:30:00Z,FINISHED,32,ACF Fiorentina,Genoa CFC,99,107,1,1,DRAW,2023-2024
444564,2024-04-15T18:45:00Z,FINISHED,32,Atalanta BC,Hellas Verona FC,102,450,2,2,DRAW,2023-2024
444576,2024-04-19T16:30:00Z,FINISHED,33,Genoa CFC,SS Lazio,107,110,0,1,AWAY_TEAM,2023-2024
444574,2024-04-19T18:45:00Z,FINISHED,33,Cagliari Calcio,Juventus FC,104,109,2,2,DRAW,2023-2024
444575,2024-04-20T16:00:00Z,FINISHED,33,Empoli FC,SSC Napoli,445,113,1,0,HOME_TEAM,2023-2024
444577,2024-04-20T18:45:00Z,FINISHED,33,Hellas Verona FC,Udinese Calcio,450,115,1,0,HOME_TEAM,2023-2024
444582,2024-04-21T10:30:00Z,FINISHED,33,US Sassuolo Calcio,US Lecce,471,5890,0,3,AWAY_TEAM,2023-2024
444583,2024-04-21T13:00:00Z,FINISHED,33,Torino FC,Frosinone Calcio,586,470,0,0,DRAW,2023-2024
444581,2024-04-21T16:00:00Z,FINISHED,33,US Salernitana 1919,ACF Fiorentina,455,99,0,2,AWAY_TEAM,2023-2024
444579,2024-04-21T18:45:00Z,FINISHED,33,AC Monza,Atalanta BC,5911,102,1,2,AWAY_TEAM,2023-2024
444580,2024-04-22T16:30:00Z,FINISHED,33,AS Roma,Bologna FC 1909,100,103,1,3,AWAY_TEAM,2023-2024
444578,2024-04-22T18:45:00Z,FINISHED,33,AC Milan,FC Internazionale Milano,98,108,1,2,AWAY_TEAM,2023-2024
444573,2024-04-25T18:00:00Z,FINISHED,32,Udinese Calcio,AS Roma,115,100,1,2,AWAY_TEAM,2023-2024
444587,2024-04-26T18:45:00Z,FINISHED,34,Frosinone Calcio,US Salernitana 1919,470,455,3,0,HOME_TEAM,2023-2024
444592,2024-04-27T13:00:00Z,FINISHED,34,US Lecce,AC Monza,5890,5911,1,1,DRAW,2023-2024
444590,2024-04-27T16:00:00Z,FINISHED,34,Juventus FC,AC Milan,109,98,0,0,DRAW,2023-2024
444591,2024-04-27T18:45:00Z,FINISHED,34,SS Lazio,Hellas Verona FC,110,450,1,0,HOME_TEAM,2023-2024
444589,2024-04-28T10:30:00Z,FINISHED,34,FC Internazionale Milano,Torino FC,108,586,2,0,HOME_TEAM,2023-2024
444585,2024-04-28T13:00:00Z,FINISHED,34,Bologna FC 1909,Udinese Calcio,103,115,1,1,DRAW,2023-2024
444584,2024-04-28T16:00:00Z,FINISHED,34,Atalanta BC,Empoli FC,102,445,2,0,HOME_TEAM,2023-2024
444593,2024-04-28T16:00:00Z,FINISHED,34,SSC Napoli,AS Roma,113,100,2,2,DRAW,2023-2024
444586,2024-04-28T18:45:00Z,FINISHED,34,ACF Fiorentina,US Sassuolo Calcio,99,471,5,1,HOME_TEAM,2023-2024
444588,2024-04-29T18:45:00Z,FINISHED,34,Genoa CFC,Cagliari Calcio,107,104,3,0,HOME_TEAM,2023-2024
444602,2024-05-03T18:45:00Z,FINISHED,35,Torino FC,Bologna FC 1909,586,103,0,0,DRAW,2023-2024
444598,2024-05-04T16:00:00Z,FINISHED,35,AC Monza,SS Lazio,5911,110,2,2,DRAW,2023-2024
444601,2024-05-04T18:45:00Z,FINISHED,35,US Sassuolo Calcio,FC Internazionale Milano,471,108,1,0,HOME_TEAM,2023-2024
444594,2024-05-05T10:30:00Z,FINISHED,35,Cagliari Calcio,US Lecce,104,5890,1,1,DRAW,2023-2024
444595,2024-05-05T13:00:00Z,FINISHED,35,Empoli FC,Frosinone Calcio,445,470,0,0,DRAW,2023-2024
444596,2024-05-05T13:00:00Z,FINISHED,35,Hellas Verona FC,ACF Fiorentina,450,99,2,1,HOME_TEAM,2023-2024
444597,2024-05-05T16:00:00Z,FINISHED,35,AC Milan,Genoa CFC,98,107,3,3,DRAW,2023-2024
444599,2024-05-05T18:45:00Z,FINISHED,35,AS Roma,Juventus FC,100,109,1,1,DRAW,2023-2024
444600,2024-05-06T16:00:00Z,FINISHED,35,US Salernitana 1919,Atalanta BC,455,102,1,2,AWAY_TEAM,2023-2024
444603,2024-05-06T18:45:00Z,FINISHED,35,Udinese Calcio,SSC Napoli,115,113,1,1,DRAW,2023-2024
444606,2024-05-10T18:45:00Z,FINISHED,36,Frosinone Calcio,FC Internazionale Milano,470,108,0,5,AWAY_TEAM,2023-2024
444613,2024-05-11T16:00:00Z,FINISHED,36,SSC Napoli,Bologna FC 1909,113,103,0,2,AWAY_TEAM,2023-2024
444612,2024-05-11T18:45:00Z,FINISHED,36,AC Milan,Cagliari Calcio,98,104,5,1,HOME_TEAM,2023-2024
444610,2024-05-12T10:30:00Z,FINISHED,36,SS Lazio,Empoli FC,110,445,2,0,HOME_TEAM,2023-2024
444607,2024-05-12T13:00:00Z,FINISHED,36,Genoa CFC,US Sassuolo Calcio,107,471,2,1,HOME_TEAM,2023-2024
444608,2024-05-12T13:00:00Z,FINISHED,36,Hellas Verona FC,Torino FC,450,586,1,2,AWAY_TEAM,2023-2024
444609,2024-05-12T16:00:00Z,FINISHED,36,Juventus FC,US Salernitana 1919,109,455,1,1,DRAW,2023-2024
444604,2024-05-12T18:45:00Z,FINISHED,36,Atalanta BC,AS Roma,102,100,2,1,HOME_TEAM,2023-2024
444611,2024-05-13T16:30:00Z,FINISHED,36,US Lecce,Udinese Calcio,5890,115,0,2,AWAY_TEAM,2023-2024
444605,2024-05-13T18:45:00Z,FINISHED,36,ACF Fiorentina,AC Monza,99,5911,2,1,HOME_TEAM,2023-2024
444615,2024-05-17T18:45:00Z,FINISHED,37,ACF Fiorentina,SSC Napoli,99,113,2,2,DRAW,2023-2024
444617,2024-05-18T16:00:00Z,FINISHED,37,US Lecce,Atalanta BC,5890,102,0,2,AWAY_TEAM,2023-2024
444622,2024-05-18T18:45:00Z,FINISHED,37,Torino FC,AC Milan,586,98,3,1,HOME_TEAM,2023-2024
444621,2024-05-19T10:30:00Z,FINISHED,37,US Sassuolo Calcio,Cagliari Calcio,471,104,0,2,AWAY_TEAM,2023-2024
444618,2024-05-19T13:00:00Z,FINISHED,37,AC Monza,Frosinone Calcio,5911,470,0,1,AWAY_TEAM,2023-2024
444623,2024-05-19T13:00:00Z,FINISHED,37,Udinese Calcio,Empoli FC,115,445,1,1,DRAW,2023-2024
444616,2024-05-19T16:00:00Z,FINISHED,37,FC Internazionale Milano,SS Lazio,108,110,1,1,DRAW,2023-2024
444619,2024-05-19T18:45:00Z,FINISHED,37,AS Roma,Genoa CFC,100,107,1,0,HOME_TEAM,2023-2024
444620,2024-05-20T16:30:00Z,FINISHED,37,US Salernitana 1919,Hellas Verona FC,455,450,1,2,AWAY_TEAM,2023-2024
444614,2024-05-20T18:45:00Z,FINISHED,37,Bologna FC 1909,Juventus FC,103,109,3,3,DRAW,2023-2024
444625,2024-05-23T18:45:00Z,FINISHED,38,Cagliari Calcio,ACF Fiorentina,104,99,2,3,AWAY_TEAM,2023-2024
444628,2024-05-24T18:45:00Z,FINISHED,38,Genoa CFC,Bologna FC 1909,107,103,2,0,HOME_TEAM,2023-2024
444630,2024-05-25T16:00:00Z,FINISHED,38,Juventus FC,AC Monza,109,5911,2,0,HOME_TEAM,2023-2024
444632,2024-05-25T18:45:00Z,FINISHED,38,AC Milan,US Salernitana 1919,98,455,3,3,DRAW,2023-2024
444624,2024-05-26T16:00:00Z,FINISHED,38,Atalanta BC,Torino FC,102,586,3,0,HOME_TEAM,2023-2024
444633,2024-05-26T16:00:00Z,FINISHED,38,SSC Napoli,US Lecce,113,5890,0,0,DRAW,2023-2024
444626,2024-05-26T18:45:00Z,FINISHED,38,Empoli FC,AS Roma,445,100,2,1,HOME_TEAM,2023-2024
444627,2024-05-26T18:45:00Z,FINISHED,38,Frosinone Calcio,Udinese Calcio,470,115,0,1,AWAY_TEAM,2023-2024
444629,2024-05-26T18:45:00Z,FINISHED,38,Hellas Verona FC,FC Internazionale Milano,450,108,2,2,DRAW,2023-2024
444631,2024-05-26T18:45:00Z,FINISHED,38,SS Lazio,US Sassuolo Calcio,110,471,1,1,DRAW,2023-2024
444534,2024-06-02T16:00:00Z,FINISHED,29,Atalanta BC,ACF Fiorentina,102,99,2,3,AWAY_TEAM,2023-2024
